Date,Open,High,Low,Close,Volume
2017/12/18,6980.39990234375,7003.89013671875,6975.5400390625,6994.759765625,2150580000
2017/12/19,6991.25,6995.8798828125,6951.490234375,6963.85009765625,2084190000
2017/12/20,6991.25,6991.25,6935.419921875,6960.9599609375,1888140000
2017/12/21,6972.8798828125,6992.6298828125,6961.2099609375,6965.35986328125,1827410000
2017/12/22,6958.02001953125,6962.259765625,6944.4501953125,6959.9599609375,1541880000
2017/12/26,6928.919921875,6942.14013671875,6915.56005859375,6936.25,1301000000
2017/12/27,6941.4501953125,6955.3798828125,6931.33984375,6939.33984375,1411010000
2017/12/28,6953.3798828125,6954.7998046875,6936.75,6950.16015625,1319870000
2017/12/29,6952.60986328125,6954.97998046875,6903.39013671875,6903.39013671875,1575290000
2018/01/02,6937.64990234375,7006.91015625,6924.080078125,7006.89990234375,1929700000
2018/01/03,7017.06982421875,7069.14990234375,7016.7001953125,7065.52978515625,2173130000
2018/01/04,7089.5,7098.0498046875,7072.3798828125,7077.91015625,2103220000
2018/01/05,7105.740234375,7137.0400390625,7097.080078125,7136.56005859375,2024000000
2018/01/08,7135.3798828125,7161.35009765625,7124.08984375,7157.39013671875,2055010000
2018/01/09,7174.18994140625,7181.14013671875,7148.2998046875,7163.580078125,2155810000
2018/01/10,7129.830078125,7154.240234375,7111.52001953125,7153.56982421875,2132430000
2018/01/11,7168.72998046875,7211.77978515625,7163.22998046875,7211.77978515625,2015170000
2018/01/12,7208.169921875,7265.259765625,7205.18017578125,7261.06005859375,1986600000
2018/01/16,7307.18994140625,7330.330078125,7205.93017578125,7223.68994140625,2399790000
2018/01/17,7257.77001953125,7309.35986328125,7229.31982421875,7298.27978515625,2245910000
2018/01/18,7293.64990234375,7313.89013671875,7276.10986328125,7296.0498046875,2037410000
2018/01/19,7312.0,7336.3798828125,7297.27978515625,7336.3798828125,2005470000
2018/01/22,7338.0400390625,7408.02978515625,7332.81005859375,7408.02978515625,2118310000
2018/01/23,7424.9501953125,7465.39013671875,7423.18017578125,7460.2900390625,2135840000
2018/01/24,7474.16015625,7486.31982421875,7376.75,7415.06005859375,2287320000
2018/01/25,7457.9501953125,7458.52978515625,7388.580078125,7411.16015625,2081380000
2018/01/26,7448.330078125,7505.77001953125,7431.22021484375,7505.77001953125,2080700000
2018/01/29,7484.47021484375,7500.60986328125,7455.5498046875,7466.509765625,2114420000
2018/01/30,7388.89013671875,7433.64990234375,7373.990234375,7402.47998046875,2183420000
2018/01/31,7443.25,7453.990234375,7381.1201171875,7411.47998046875,2428990000
2018/02/01,7377.169921875,7441.08984375,7362.27978515625,7385.85986328125,2311180000
2018/02/02,7347.58984375,7364.43017578125,7238.18017578125,7240.9501953125,2607160000
2018/02/05,7165.9599609375,7277.35986328125,6967.52978515625,6967.52978515625,3143210000
2018/02/06,6837.56005859375,7126.5498046875,6824.81982421875,7115.8798828125,3148270000
2018/02/07,7086.2001953125,7170.33984375,7051.52978515625,7051.97998046875,2380020000
2018/02/08,7067.2998046875,7073.990234375,6776.77001953125,6777.16015625,2730740000
2018/02/09,6863.33984375,6917.009765625,6630.669921875,6874.490234375,3165330000
2018/02/12,6936.68017578125,7023.6201171875,6879.68994140625,6981.9599609375,2250650000
2018/02/13,6942.16015625,7025.68017578125,6938.16015625,7013.509765625,1830320000
2018/02/14,6979.240234375,7152.0498046875,6977.06982421875,7143.6201171875,2217630000
2018/02/15,7200.75,7256.93017578125,7130.39013671875,7256.43017578125,2124060000
2018/02/16,7236.509765625,7303.259765625,7226.3798828125,7239.47021484375,2037710000
2018/02/20,7209.02978515625,7295.9501953125,7206.0,7234.31005859375,1921870000
2018/02/21,7258.47998046875,7338.64013671875,7218.10986328125,7218.22998046875,1956120000
2018/02/22,7252.4599609375,7280.93017578125,7194.83984375,7210.08984375,1927580000
2018/02/23,7261.35009765625,7337.830078125,7232.5,7337.39013671875,1887540000
2018/02/26,7373.2998046875,7421.85009765625,7360.25,7421.4599609375,1876560000
2018/02/27,7416.169921875,7438.08984375,7330.35009765625,7330.35009765625,2162250000
2018/02/28,7371.41015625,7386.7998046875,7273.009765625,7273.009765625,2384940000
2018/03/01,7274.75,7307.85009765625,7117.66015625,7180.56005859375,2499010000
2018/03/02,7099.5400390625,7267.18994140625,7084.830078125,7257.8701171875,2291480000
2018/03/05,7222.89013671875,7350.06982421875,7205.31005859375,7330.7099609375,2076870000
2018/03/06,7366.60986328125,7378.02978515625,7319.68017578125,7372.009765625,2132920000
2018/03/07,7311.740234375,7403.7900390625,7311.740234375,7396.64990234375,2198610000
2018/03/08,7422.77001953125,7435.009765625,7391.5,7427.9501953125,2277740000
2018/03/09,7475.97998046875,7560.81005859375,7469.02978515625,7560.81005859375,2310050000
2018/03/12,7581.0400390625,7609.10009765625,7563.43994140625,7588.31982421875,2314480000
2018/03/13,7627.52001953125,7637.27001953125,7492.97998046875,7511.009765625,2459220000
2018/03/14,7539.77978515625,7544.89013671875,7473.89990234375,7496.81005859375,2112950000
2018/03/15,7509.240234375,7525.43994140625,7463.18994140625,7481.740234375,2008290000
2018/03/16,7504.3701171875,7514.2099609375,7473.68017578125,7481.990234375,3089970000
2018/03/19,7419.2001953125,7421.22998046875,7285.27001953125,7344.240234375,2352810000
2018/03/20,7353.25,7380.740234375,7331.240234375,7364.2998046875,1976000000
2018/03/21,7347.5,7415.66015625,7325.35009765625,7345.2900390625,1999230000
2018/03/22,7257.5498046875,7303.18994140625,7164.3798828125,7166.68017578125,2370970000
2018/03/23,7170.68017578125,7194.31005859375,6992.669921875,6992.669921875,2455760000
2018/03/26,7125.2001953125,7225.830078125,7022.33984375,7220.5400390625,2341370000
2018/03/27,7255.47021484375,7255.5400390625,6963.68017578125,7008.81005859375,2347480000
2018/03/28,6978.2998046875,7036.08984375,6901.06982421875,6949.22998046875,2551950000
2018/03/29,6984.66015625,7120.4599609375,6935.77978515625,7063.4501953125,2593390000
2018/04/02,7016.169921875,7044.7099609375,6805.9599609375,6870.1201171875,2402670000
2018/04/03,6924.35009765625,6963.7099609375,6835.22998046875,6941.27978515625,2330900000
2018/04/04,6811.77001953125,7059.2900390625,6811.77001953125,7042.10986328125,2261580000
2018/04/05,7099.25,7112.3798828125,7036.6201171875,7076.5498046875,2153030000
2018/04/06,6999.56982421875,7066.64013671875,6877.759765625,6915.10986328125,2359780000
2018/04/09,6971.4501953125,7074.9501953125,6944.9599609375,6950.33984375,2089220000
2018/04/10,7060.990234375,7117.97998046875,7014.8798828125,7094.2998046875,2252020000
2018/04/11,7055.0,7128.5400390625,7055.0,7069.02978515625,1882090000
2018/04/12,7112.02001953125,7166.0,7105.08984375,7140.25,2027080000
2018/04/13,7179.6201171875,7183.6201171875,7078.14013671875,7106.64990234375,1768160000
2018/04/16,7153.8701171875,7178.509765625,7115.85009765625,7156.27978515625,1800450000
2018/04/17,7215.1201171875,7298.58984375,7206.5498046875,7281.10009765625,1935380000
2018/04/18,7292.3798828125,7319.580078125,7259.89990234375,7295.240234375,1908700000
2018/04/19,7258.60986328125,7277.4501953125,7215.169921875,7238.06005859375,1982090000
2018/04/20,7220.64013671875,7222.990234375,7123.490234375,7146.1298828125,1935160000
2018/04/23,7173.990234375,7195.72021484375,7094.43017578125,7128.60009765625,1744480000
2018/04/24,7160.77001953125,7171.669921875,6961.52001953125,7007.35009765625,2154270000
2018/04/25,7009.990234375,7030.740234375,6926.97021484375,7003.740234375,2055840000
2018/04/26,7080.490234375,7143.93994140625,7055.66015625,7118.68017578125,2141220000
2018/04/27,7195.52001953125,7197.14990234375,7083.9501953125,7119.7998046875,2050350000
2018/04/30,7133.9501953125,7169.7998046875,7065.41015625,7066.27001953125,1998570000
2018/05/01,7053.64990234375,7133.27001953125,7036.18017578125,7130.7001953125,1932660000
2018/05/02,7138.4501953125,7169.4599609375,7094.72021484375,7100.89990234375,2157860000
2018/05/03,7065.02978515625,7112.58984375,6991.14013671875,7088.14990234375,2355780000
2018/05/04,7065.669921875,7228.259765625,7057.89013671875,7209.6201171875,2040520000
2018/05/07,7241.81982421875,7291.740234375,7235.759765625,7265.2099609375,1950650000
2018/05/08,7255.33984375,7278.81005859375,7224.7001953125,7266.89990234375,2070970000
2018/05/09,7281.52978515625,7344.7998046875,7259.0498046875,7339.91015625,2250260000
2018/05/10,7355.89990234375,7414.14990234375,7353.6298828125,7404.97021484375,2250450000
2018/05/11,7393.97021484375,7417.669921875,7372.259765625,7402.8798828125,2085350000
2018/05/14,7429.4501953125,7458.419921875,7401.89013671875,7411.31982421875,2085850000
2018/05/15,7361.2998046875,7363.52001953125,7320.97021484375,7351.6298828125,2120380000
2018/05/16,7356.22021484375,7413.31982421875,7356.16015625,7398.2998046875,2103060000
2018/05/17,7379.580078125,7425.39013671875,7350.4599609375,7382.47021484375,1958970000
2018/05/18,7364.33984375,7381.16015625,7343.97021484375,7354.33984375,1982190000
2018/05/21,7406.33984375,7431.830078125,7368.2099609375,7394.0400390625,1997220000
2018/05/22,7420.85009765625,7432.52978515625,7370.330078125,7378.4599609375,1927420000
2018/05/23,7335.02978515625,7426.77978515625,7334.6201171875,7425.9599609375,1997090000
2018/05/24,7421.990234375,7435.3798828125,7357.5,7424.43017578125,2035460000
2018/05/25,7422.2001953125,7452.85009765625,7415.580078125,7433.85009765625,1771950000
2018/05/29,7398.509765625,7435.1298828125,7354.2900390625,7396.58984375,2095380000
2018/05/30,7428.41015625,7473.81005859375,7423.669921875,7462.4501953125,2058300000
2018/05/31,7455.580078125,7492.419921875,7431.41015625,7442.1201171875,2533360000
2018/06/01,7487.66015625,7557.3798828125,7487.22998046875,7554.330078125,2212330000
2018/06/04,7570.080078125,7607.169921875,7561.2001953125,7606.4599609375,2152170000
2018/06/05,7621.35986328125,7644.47998046875,7602.3798828125,7637.85986328125,2063270000
2018/06/06,7652.7998046875,7691.64990234375,7622.31005859375,7689.240234375,2198100000
2018/06/07,7697.41015625,7697.41015625,7597.66015625,7635.06982421875,2339720000
2018/06/08,7607.740234375,7653.580078125,7595.14013671875,7645.509765625,1949810000
2018/06/11,7647.240234375,7677.2900390625,7642.8701171875,7659.93017578125,1959360000
2018/06/12,7673.8701171875,7708.25,7669.52978515625,7703.7900390625,2019890000
2018/06/13,7713.89990234375,7748.9599609375,7686.64990234375,7695.7001953125,2197830000
2018/06/14,7723.52978515625,7768.60009765625,7723.52978515625,7761.0400390625,2193630000
2018/06/15,7725.02978515625,7755.72021484375,7704.33984375,7746.3798828125,3049870000
2018/06/18,7692.9599609375,7749.35986328125,7676.830078125,7747.02978515625,2102660000
2018/06/19,7658.47021484375,7727.41015625,7635.72998046875,7725.58984375,2283340000
2018/06/20,7764.14990234375,7806.60009765625,7755.47998046875,7781.509765625,2316420000
2018/06/21,7800.2998046875,7803.4501953125,7699.2001953125,7712.9501953125,2349640000
2018/06/22,7739.68994140625,7739.7099609375,7679.1201171875,7692.81982421875,3956300000
2018/06/25,7631.1201171875,7639.72998046875,7477.72998046875,7532.009765625,2423190000
2018/06/26,7553.740234375,7597.490234375,7527.0,7561.6298828125,2068870000
2018/06/27,7586.330078125,7610.669921875,7444.169921875,7445.080078125,2319650000
2018/06/28,7438.10986328125,7526.06982421875,7419.56005859375,7503.68017578125,2208870000
2018/06/29,7544.1298828125,7573.58984375,7502.9501953125,7510.2998046875,2208820000
2018/07/02,7451.89990234375,7568.10009765625,7443.10009765625,7567.68994140625,1777880000
2018/07/03,7593.6298828125,7594.330078125,7498.5,7502.669921875,1171420000
2018/07/05,7550.66015625,7589.18994140625,7511.43017578125,7586.43017578125,1754690000
2018/07/06,7595.93017578125,7695.81005859375,7588.64990234375,7688.39013671875,1718600000
2018/07/09,7731.740234375,7757.27978515625,7702.06005859375,7756.2001953125,1844440000
2018/07/10,7770.6298828125,7777.47998046875,7731.97998046875,7759.2001953125,1735230000
2018/07/11,7698.509765625,7748.16015625,7696.580078125,7716.60986328125,1768480000
2018/07/12,7752.7099609375,7825.669921875,7746.759765625,7823.919921875,1930830000
2018/07/13,7827.6201171875,7843.52001953125,7803.33984375,7825.97998046875,1727500000
2018/07/16,7831.740234375,7838.81982421875,7791.97998046875,7805.72021484375,1739360000
2018/07/17,7751.97021484375,7867.14990234375,7749.60986328125,7855.1201171875,1752210000
2018/07/18,7859.43017578125,7863.77001953125,7822.830078125,7854.43994140625,1881110000
2018/07/19,7829.7998046875,7849.85009765625,7811.14990234375,7825.2998046875,1886300000
2018/07/20,7843.080078125,7860.25,7815.85986328125,7820.2001953125,1796530000
2018/07/23,7806.93017578125,7846.759765625,7776.5498046875,7841.8701171875,1668270000
2018/07/24,7914.35009765625,7928.7900390625,7814.330078125,7840.77001953125,2021890000
2018/07/25,7839.08984375,7933.31005859375,7838.759765625,7932.240234375,1943820000
2018/07/26,7848.0400390625,7881.2998046875,7834.080078125,7852.18017578125,2289370000
2018/07/27,7889.75,7889.75,7698.9599609375,7737.419921875,2193410000
2018/07/30,7735.27001953125,7740.259765625,7604.240234375,7630.0,2154140000
2018/07/31,7654.58984375,7709.490234375,7614.83984375,7671.7900390625,2208610000
2018/08/01,7701.81982421875,7732.68017578125,7670.7099609375,7707.2900390625,2228950000
2018/08/02,7659.52001953125,7808.85009765625,7659.52001953125,7802.68994140625,2115490000
2018/08/03,7819.22998046875,7824.06005859375,7783.2998046875,7812.009765625,2035870000
2018/08/06,7809.5400390625,7859.68017578125,7801.8798828125,7859.68017578125,2245300000
2018/08/07,7878.6201171875,7898.2001953125,7868.64990234375,7883.66015625,2206400000
2018/08/08,7880.0,7901.68994140625,7864.4599609375,7888.330078125,2098100000
2018/08/09,7886.52001953125,7923.35009765625,7881.06005859375,7891.77978515625,2048170000
2018/08/10,7834.7099609375,7866.18994140625,7818.3701171875,7839.10986328125,2107530000
2018/08/13,7848.0,7888.66015625,7814.27001953125,7819.7099609375,1934100000
2018/08/14,7847.8798828125,7878.22998046875,7815.5,7870.89013671875,1938840000
2018/08/15,7810.02001953125,7832.66015625,7732.68994140625,7774.1201171875,2294100000
2018/08/16,7826.9501953125,7849.669921875,7795.740234375,7806.52001953125,1991410000
2018/08/17,7786.64013671875,7830.77978515625,7752.68017578125,7816.330078125,1850770000
2018/08/20,7834.3701171875,7837.14013671875,7787.89990234375,7821.009765625,1709500000
2018/08/21,7840.08984375,7897.68017578125,7836.7900390625,7859.169921875,1788860000
2018/08/22,7844.0400390625,7897.6298828125,7840.83984375,7889.10009765625,1669240000
2018/08/23,7886.47021484375,7926.31982421875,7866.52978515625,7878.4599609375,1888600000
2018/08/24,7907.81005859375,7949.7099609375,7907.10009765625,7945.97998046875,1892990000
2018/08/27,7989.64013671875,8024.93994140625,7976.60009765625,8017.89990234375,2333790000
2018/08/28,8039.009765625,8046.31005859375,8009.58984375,8030.0400390625,1980270000
2018/08/29,8044.33984375,8113.56005859375,8042.10009765625,8109.68994140625,1909880000
2018/08/30,8094.2001953125,8133.2998046875,8069.56982421875,8088.35986328125,2022720000
2018/08/31,8079.31005859375,8119.81982421875,8079.31005859375,8109.5400390625,1906900000
2018/09/04,8087.9501953125,8104.06982421875,8042.14013671875,8091.25,2238710000
2018/09/05,8073.52978515625,8077.83984375,7962.35009765625,7995.169921875,2602810000
2018/09/06,7998.27001953125,8001.97021484375,7885.490234375,7922.72998046875,2375380000
2018/09/07,7878.7900390625,7962.52978515625,7873.93017578125,7902.5400390625,2158930000
2018/09/10,7939.56982421875,7945.02978515625,7890.39013671875,7924.16015625,2055430000
2018/09/11,7894.8701171875,7986.31982421875,7880.919921875,7972.47021484375,2345080000
2018/09/12,7958.8701171875,7965.39013671875,7884.0498046875,7954.22998046875,2372320000
2018/09/13,7999.93017578125,8037.509765625,7989.85009765625,8013.7099609375,2332930000
2018/09/14,8026.16015625,8040.830078125,7979.77978515625,8010.0400390625,2069380000
2018/09/17,7992.2099609375,8002.77978515625,7890.06982421875,7895.7900390625,2303600000
2018/09/18,7903.56982421875,7986.10009765625,7901.009765625,7956.10986328125,2328260000
2018/09/19,7962.5498046875,7976.1201171875,7917.72998046875,7950.0400390625,2167720000
2018/09/20,7993.52978515625,8039.06005859375,7986.41015625,8028.22998046875,2306580000
2018/09/21,8041.68994140625,8057.259765625,7979.669921875,7986.9599609375,3729890000
2018/09/24,7939.3798828125,7997.89990234375,7912.47021484375,7993.25,2433260000
2018/09/25,8001.58984375,8014.1201171875,7979.2900390625,8007.47021484375,2328660000
2018/09/26,8011.68017578125,8067.02978515625,7982.759765625,7990.3701171875,2342370000
2018/09/27,8021.22021484375,8071.56005859375,8017.91015625,8041.97021484375,2073930000
2018/09/28,8024.5,8065.06005859375,8015.8701171875,8046.35009765625,2342120000
2018/10/01,8091.5,8107.3798828125,8019.77001953125,8037.2998046875,2299520000
2018/10/02,8024.47021484375,8054.14990234375,7983.990234375,7999.5498046875,2416800000
2018/10/03,8034.64990234375,8053.93017578125,8012.02978515625,8025.08984375,3095630000
2018/10/04,7993.330078125,7997.169921875,7833.16015625,7879.509765625,3302690000
2018/10/05,7874.759765625,7902.669921875,7715.97021484375,7788.4501953125,2699370000
2018/10/08,7747.10009765625,7797.31982421875,7654.83984375,7735.9501953125,2259300000
2018/10/09,7728.509765625,7799.75,7718.9501953125,7738.02001953125,2466440000
2018/10/10,7694.080078125,7701.2001953125,7420.56005859375,7422.0498046875,3111680000
2018/10/11,7388.06982421875,7493.2099609375,7274.0400390625,7329.06005859375,3154520000
2018/10/12,7507.83984375,7516.68994140625,7368.330078125,7496.89013671875,2674210000
2018/10/15,7473.330078125,7500.93017578125,7400.06982421875,7430.740234375,2167000000
2018/10/16,7501.77978515625,7658.14013671875,7493.43994140625,7645.490234375,2639760000
2018/10/17,7669.259765625,7670.490234375,7563.08984375,7642.7001953125,2385070000
2018/10/18,7616.47021484375,7616.85986328125,7452.4599609375,7485.14013671875,2567980000
2018/10/19,7530.16015625,7582.89013671875,7428.2998046875,7449.02978515625,2547790000
2018/10/22,7486.740234375,7520.5400390625,7424.740234375,7468.6298828125,2301010000
2018/10/23,7328.5498046875,7472.580078125,7260.1298828125,7437.5400390625,2752010000
2018/10/24,7423.2099609375,7435.68994140625,7099.0,7108.39990234375,2959560000
2018/10/25,7197.490234375,7364.81982421875,7178.5400390625,7318.33984375,2788090000
2018/10/26,7125.18017578125,7283.31982421875,7057.0,7167.2099609375,2971530000
2018/10/29,7272.419921875,7295.60986328125,6922.830078125,7050.2900390625,2711900000
2018/10/30,7017.8701171875,7166.83984375,7001.47998046875,7161.64990234375,2699220000
2018/10/31,7276.6201171875,7368.490234375,7270.6298828125,7305.89990234375,2918880000
2018/11/01,7327.81982421875,7435.8798828125,7286.5,7434.06005859375,2728760000
2018/11/02,7424.02001953125,7466.52978515625,7298.68017578125,7356.990234375,2899670000
2018/11/05,7344.080078125,7349.22998046875,7255.8798828125,7328.85009765625,2186310000
2018/11/06,7326.06982421875,7400.64013671875,7320.89013671875,7375.9599609375,2300920000
2018/11/07,7446.08984375,7572.93017578125,7435.8701171875,7570.75,2687410000
2018/11/08,7544.169921875,7566.93017578125,7499.7099609375,7530.8798828125,2475160000
2018/11/09,7468.509765625,7474.33984375,7349.47998046875,7406.89990234375,2426750000
2018/11/12,7364.0498046875,7371.08984375,7193.77001953125,7200.8701171875,2305340000
2018/11/13,7230.68994140625,7319.1201171875,7182.85986328125,7200.8701171875,2361240000
2018/11/14,7265.39013671875,7285.56982421875,7101.169921875,7136.39013671875,2566210000
2018/11/15,7112.830078125,7274.259765625,7072.35986328125,7259.02978515625,2523500000
2018/11/16,7193.60009765625,7274.85986328125,7171.7001953125,7247.8701171875,2466980000
2018/11/19,7217.240234375,7224.1201171875,7011.39990234375,7028.47998046875,2381430000
2018/11/20,6867.43017578125,6994.75,6830.759765625,6908.81982421875,2672250000
2018/11/21,6985.509765625,7029.93017578125,6951.6201171875,6972.25,1867840000
2018/11/23,6919.52001953125,6987.89013671875,6919.16015625,6938.97998046875,958950000
2018/11/26,7026.5,7083.93017578125,7003.1201171875,7081.85009765625,2036910000
2018/11/27,7041.22998046875,7105.14013671875,7014.35986328125,7082.7001953125,2076790000
2018/11/28,7135.080078125,7292.7099609375,7090.97998046875,7291.58984375,2413120000
2018/11/29,7267.3701171875,7319.9599609375,7217.68994140625,7273.080078125,2018190000
2018/11/30,7279.2998046875,7332.7900390625,7255.68017578125,7330.5400390625,2547970000
2018/12/03,7486.1298828125,7486.509765625,7392.22021484375,7441.509765625,2643150000
2018/12/04,7407.9501953125,7421.10986328125,7150.10986328125,7158.43017578125,2655720000
2018/12/06,7017.0498046875,7189.52001953125,6984.33984375,7188.259765625,2857650000
2018/12/07,7163.490234375,7205.3701171875,6945.27001953125,6969.25,2504680000
2018/12/10,6959.6298828125,7047.6201171875,6878.990234375,7020.52001953125,2380270000
2018/12/11,7121.66015625,7129.830078125,6983.009765625,7031.830078125,2286810000
2018/12/12,7127.0,7197.2900390625,7096.56005859375,7098.31005859375,2427080000
2018/12/13,7135.27978515625,7154.64013671875,7034.81982421875,7070.330078125,2162210000
2018/12/14,6986.3701171875,7027.169921875,6898.990234375,6910.66015625,2218330000
2018/12/17,6886.4599609375,6931.81005859375,6710.009765625,6753.72998046875,2697400000
2018/12/18,6809.81982421875,6847.27001953125,6733.7099609375,6783.91015625,2623270000
2018/12/19,6777.58984375,6868.85986328125,6586.5,6636.830078125,2919140000
2018/12/20,6607.759765625,6666.2001953125,6447.91015625,6528.41015625,3282440000
2018/12/21,6573.490234375,6586.68017578125,6304.6298828125,6332.990234375,4571670000
2018/12/24,6278.490234375,6355.18017578125,6190.169921875,6192.919921875,1647440000
2018/12/26,6257.85986328125,6555.52978515625,6214.33984375,6554.35986328125,2572890000
2018/12/27,6457.18994140625,6583.009765625,6336.97021484375,6579.490234375,2449110000
2018/12/28,6616.7900390625,6684.18017578125,6529.22021484375,6584.52001953125,2216250000
2018/12/31,6649.52001953125,6659.9599609375,6570.06005859375,6635.27978515625,2109320000
2019/01/02,6506.91015625,6693.7099609375,6506.8798828125,6665.93994140625,2261800000
2019/01/03,6584.77001953125,6600.2099609375,6457.1298828125,6463.5,2631550000
2019/01/04,6567.14013671875,6760.68994140625,6554.240234375,6738.85986328125,2596150000
2019/01/07,6757.52978515625,6855.60009765625,6741.39990234375,6823.47021484375,2523450000
2019/01/08,6893.43994140625,6909.580078125,6795.85986328125,6897.0,2407340000
2019/01/09,6923.06005859375,6985.22021484375,6899.56005859375,6957.080078125,2434500000
2019/01/10,6908.64990234375,6991.3701171875,6877.080078125,6986.06982421875,2190110000
2019/01/11,6947.4599609375,6975.64990234375,6933.60009765625,6971.47998046875,2074310000
2019/01/14,6908.02978515625,6936.22021484375,6887.47998046875,6905.919921875,1960780000
2019/01/15,6931.39013671875,7025.85009765625,6928.1201171875,7023.830078125,2066090000
2019/01/16,7033.75,7079.6298828125,7028.1201171875,7034.68994140625,2163730000
2019/01/17,7010.1298828125,7113.9501953125,7003.6201171875,7084.4599609375,2149280000
2019/01/18,7134.10009765625,7185.3798828125,7096.6201171875,7157.22998046875,2459920000
2019/01/22,7109.56982421875,7110.16015625,6979.81005859375,7020.35986328125,2397660000
2019/01/23,7061.64990234375,7084.85009765625,6953.22998046875,7025.77001953125,2288090000
2019/01/24,7042.25,7078.9599609375,7029.9501953125,7073.4599609375,2419110000
2019/01/25,7128.18017578125,7174.56005859375,7111.08984375,7164.85986328125,2446550000
2019/01/28,7075.009765625,7086.2998046875,7034.25,7085.68017578125,2448790000
2019/01/29,7087.490234375,7092.2900390625,7011.47021484375,7028.2900390625,2106370000
2019/01/30,7094.7900390625,7201.31005859375,7065.56982421875,7183.080078125,2569410000
2019/01/31,7208.169921875,7303.1201171875,7205.9501953125,7281.740234375,2947490000
2019/02/01,7256.3701171875,7299.93994140625,7243.41015625,7263.8701171875,2398800000
2019/02/04,7266.27978515625,7348.22998046875,7261.06982421875,7347.5400390625,2106030000
2019/02/05,7356.33984375,7408.68017578125,7355.35986328125,7402.080078125,2284960000
2019/02/06,7400.43994140625,7410.77001953125,7346.72021484375,7375.27978515625,2179400000
2019/02/07,7316.5,7336.740234375,7235.0498046875,7288.35009765625,2310700000
2019/02/08,7232.2998046875,7299.43994140625,7225.14013671875,7298.2001953125,2102520000
2019/02/11,7327.3701171875,7343.56005859375,7290.02978515625,7307.89990234375,1908490000
2019/02/12,7358.85009765625,7419.43017578125,7349.7998046875,7414.6201171875,2140130000
2019/02/13,7437.4599609375,7461.66015625,7413.83984375,7420.3798828125,2103840000
2019/02/14,7390.25,7454.419921875,7375.7099609375,7426.9501953125,2117500000
2019/02/15,7468.56982421875,7477.27978515625,7440.259765625,7472.41015625,2263640000
2019/02/19,7450.75,7507.7900390625,7450.27001953125,7486.77001953125,2124140000
2019/02/20,7490.31005859375,7513.7001953125,7455.25,7489.06982421875,2202670000
2019/02/21,7475.41015625,7485.75,7430.89013671875,7459.7099609375,2144680000
2019/02/22,7481.6298828125,7527.5400390625,7479.009765625,7527.5400390625,2428560000
2019/02/25,7585.2998046875,7602.68994140625,7551.60986328125,7554.4599609375,2399410000
2019/02/26,7535.2900390625,7573.22021484375,7524.31005859375,7549.2998046875,2305760000
2019/02/27,7526.419921875,7562.2900390625,7485.39013671875,7554.509765625,2430790000
2019/02/28,7533.31005859375,7561.89990234375,7516.47998046875,7532.52978515625,2676790000
2019/03/01,7587.4501953125,7603.0400390625,7540.75,7595.35009765625,2490920000
2019/03/04,7636.6201171875,7643.66015625,7501.56005859375,7577.56982421875,2582090000
2019/03/05,7582.2900390625,7598.66015625,7543.5400390625,7576.35986328125,2166670000
2019/03/06,7575.3798828125,7579.02001953125,7499.8701171875,7505.919921875,2256550000
2019/03/07,7483.7900390625,7489.080078125,7397.18994140625,7421.4599609375,2462690000
2019/03/08,7334.35009765625,7411.52001953125,7332.919921875,7408.14013671875,2260950000
2019/03/11,7442.56005859375,7558.22998046875,7442.39990234375,7558.06005859375,2248460000
2019/03/12,7571.85009765625,7611.1298828125,7560.4599609375,7591.02978515625,2171620000
2019/03/13,7621.3798828125,7677.06982421875,7619.4599609375,7643.41015625,2379260000
2019/03/14,7644.7900390625,7653.10009765625,7627.02001953125,7630.91015625,2198900000
2019/03/15,7658.41015625,7714.9599609375,7652.0400390625,7688.52978515625,3451860000
2019/03/18,7696.3798828125,7737.669921875,7677.740234375,7714.47998046875,2302140000
2019/03/19,7747.39990234375,7767.89013671875,7699.14990234375,7723.9501953125,2457920000
2019/03/20,7721.9501953125,7779.240234375,7674.0400390625,7728.97021484375,2464230000
2019/03/21,7705.43017578125,7850.10986328125,7705.43017578125,7838.9599609375,2502810000
2019/03/22,7800.25,7817.830078125,7642.56982421875,7642.669921875,2504740000
2019/03/25,7618.97998046875,7662.3798828125,7579.2900390625,7637.5400390625,2162490000
2019/03/26,7700.0,7738.169921875,7649.2099609375,7691.52001953125,2080350000
2019/03/27,7702.0498046875,7712.83984375,7582.08984375,7643.3798828125,2244070000
2019/03/28,7660.06982421875,7689.16015625,7619.81982421875,7669.169921875,1922150000
2019/03/29,7726.7099609375,7733.6201171875,7688.509765625,7729.31982421875,2311790000
2019/04/01,7800.240234375,7831.4501953125,7777.08984375,7828.91015625,2230050000
2019/04/02,7824.60986328125,7854.919921875,7811.27978515625,7848.68994140625,2123250000
2019/04/03,7891.18017578125,7938.259765625,7870.89990234375,7895.5498046875,2509630000
2019/04/04,7894.259765625,7917.64990234375,7844.9599609375,7891.77978515625,2152640000
2019/04/05,7914.509765625,7940.4501953125,7909.14013671875,7938.68994140625,2157050000
2019/04/08,7924.89013671875,7955.89990234375,7891.85009765625,7953.8798828125,2075550000
2019/04/09,7924.77001953125,7945.5498046875,7897.60986328125,7909.27978515625,2078800000
2019/04/10,7922.72998046875,7965.330078125,7916.89990234375,7964.240234375,2012290000
2019/04/11,7975.2001953125,7975.2001953125,7933.41015625,7947.35986328125,1969480000
2019/04/12,7984.14990234375,7992.08984375,7952.60986328125,7984.16015625,1968900000
2019/04/15,7987.16015625,7993.330078125,7933.56982421875,7976.009765625,1827710000
2019/04/16,8000.56982421875,8017.56005859375,7978.81005859375,8000.22998046875,2102740000
2019/04/17,8044.97021484375,8052.39990234375,7973.3798828125,7996.080078125,2317330000
2019/04/18,7998.4501953125,8002.31005859375,7950.97021484375,7998.06005859375,2124630000
2019/04/22,7969.3701171875,8017.14990234375,7965.89990234375,8015.27001953125,1790990000
2019/04/23,8026.75,8128.8701171875,8023.81005859375,8120.81982421875,2099410000
2019/04/24,8122.8798828125,8139.5498046875,8101.7001953125,8102.009765625,2043310000
2019/04/25,8150.85009765625,8151.83984375,8075.41015625,8118.68017578125,2073370000
2019/04/26,8100.27978515625,8146.419921875,8060.89013671875,8146.39990234375,1982560000
2019/04/29,8147.64990234375,8176.080078125,8136.41015625,8161.85009765625,1781860000
2019/04/30,8104.91015625,8124.60986328125,8050.5498046875,8095.39013671875,2131850000
2019/05/01,8132.93017578125,8146.0,8048.22998046875,8049.64013671875,2273540000
2019/05/02,8046.47998046875,8094.06005859375,7976.77001953125,8036.77001953125,2211530000
2019/05/03,8092.8798828125,8164.7099609375,8084.7998046875,8164.0,2081080000
2019/05/06,7981.85009765625,8135.5400390625,7981.85009765625,8123.2900390625,1979650000
2019/05/07,8043.52001953125,8070.97021484375,7899.02001953125,7963.759765625,2397600000
2019/05/08,7946.240234375,8004.490234375,7923.35009765625,7943.31982421875,2214680000
2019/05/09,7853.2099609375,7929.77978515625,7796.16015625,7910.58984375,2549500000
2019/05/10,7881.31005859375,7949.33984375,7759.33984375,7916.93994140625,2421470000
2019/05/13,7720.06982421875,7760.830078125,7627.22021484375,7647.02001953125,2484820000
2019/05/14,7689.66015625,7776.2001953125,7665.2998046875,7734.490234375,2103140000
2019/05/15,7682.7998046875,7838.72021484375,7682.240234375,7822.14990234375,2014080000
2019/05/16,7832.580078125,7946.22998046875,7826.669921875,7898.0498046875,2168720000
2019/05/17,7829.02978515625,7918.7099609375,7810.35009765625,7816.27978515625,2176380000
2019/05/20,7714.06005859375,7747.27001953125,7678.35009765625,7702.3798828125,2130700000
2019/05/21,7765.56982421875,7804.43994140625,7752.919921875,7785.72021484375,2000130000
2019/05/22,7749.7998046875,7786.330078125,7738.35009765625,7750.83984375,1884660000
2019/05/23,7660.72021484375,7665.14990234375,7585.31982421875,7628.27978515625,2270530000
2019/05/24,7675.56982421875,7694.14990234375,7631.25,7637.009765625,1685230000
2019/05/28,7655.66015625,7693.740234375,7603.759765625,7607.35009765625,2378470000
2019/05/29,7553.02001953125,7581.10986328125,7503.93994140625,7547.31005859375,2282120000
2019/05/30,7565.4599609375,7595.89990234375,7527.66015625,7567.72021484375,1875180000
2019/05/31,7470.9501953125,7506.85986328125,7448.22998046875,7453.14990234375,2239420000
2019/06/03,7441.2099609375,7457.66015625,7292.22021484375,7333.02001953125,2580670000
2019/06/04,7413.93994140625,7529.5,7385.02001953125,7527.1201171875,2374130000
2019/06/05,7585.68017578125,7589.47021484375,7498.169921875,7575.47998046875,2139290000
2019/06/06,7582.240234375,7634.1201171875,7546.22021484375,7615.5498046875,2093470000
2019/06/07,7652.97021484375,7767.02001953125,7647.91015625,7742.10009765625,2074120000
2019/06/10,7798.8701171875,7895.43994140625,7795.759765625,7823.169921875,2042340000
2019/06/11,7901.0400390625,7909.990234375,7798.6298828125,7822.56982421875,2121150000
2019/06/12,7803.1298828125,7819.16015625,7773.97021484375,7792.72021484375,1978930000
2019/06/13,7822.56005859375,7848.35986328125,7813.60009765625,7837.1298828125,1848360000
2019/06/14,7807.18994140625,7819.2099609375,7778.1201171875,7796.66015625,1808370000
2019/06/17,7819.43017578125,7865.97998046875,7812.60986328125,7845.02001953125,1950550000
2019/06/18,7920.97998046875,8005.2099609375,7911.669921875,7953.8798828125,2250550000
2019/06/19,7970.259765625,7998.58984375,7930.3798828125,7987.31982421875,2027520000
2019/06/20,8087.4501953125,8088.8798828125,7996.8701171875,8051.33984375,2108250000
2019/06/21,8028.68994140625,8073.02001953125,8011.2001953125,8031.7099609375,2909540000
2019/06/24,8040.580078125,8047.56005859375,8004.6298828125,8005.7001953125,2073470000
2019/06/25,8005.27001953125,8007.31005859375,7879.14990234375,7884.72021484375,2132550000
2019/06/26,7933.919921875,7974.27978515625,7903.06982421875,7909.97021484375,2122730000
2019/06/27,7939.35986328125,7976.580078125,7935.47021484375,7967.759765625,2083920000
2019/06/28,7988.759765625,8010.14990234375,7961.4599609375,8006.240234375,4101490000
2019/07/01,8145.85009765625,8150.4501953125,8059.2900390625,8091.16015625,2219030000
2019/07/02,8086.64990234375,8109.3701171875,8063.10986328125,8109.08984375,1956590000
2019/07/03,8129.56982421875,8170.22998046875,8122.33984375,8170.22998046875,1548240000
2019/07/05,8123.27978515625,8171.97021484375,8093.66015625,8161.7900390625,1690700000
2019/07/08,8112.91015625,8161.7900390625,8078.39013671875,8098.3798828125,1957160000
2019/07/09,8061.41015625,8146.97998046875,8061.31982421875,8141.72998046875,1871430000
2019/07/10,8183.18994140625,8228.599609375,8160.56005859375,8202.5302734375,2066640000
2019/07/11,8219.2802734375,8226.1796875,8171.6298828125,8196.0400390625,1970690000
2019/07/12,8209.2001953125,8245.66015625,8201.51953125,8244.1396484375,1835960000
2019/07/15,8263.1796875,8264.7802734375,8236.26953125,8258.1904296875,1790770000
2019/07/16,8251.66015625,8259.75,8204.23046875,8222.7998046875,1947010000
2019/07/17,8224.0,8230.669921875,8184.66015625,8185.2099609375,1887120000
2019/07/18,8151.759765625,8215.580078125,8135.1201171875,8207.240234375,2063790000
2019/07/19,8241.33984375,8245.7802734375,8144.6298828125,8146.490234375,1893050000
2019/07/22,8171.990234375,8218.419921875,8171.5400390625,8204.1396484375,1860440000
2019/07/23,8242.5,8251.830078125,8193.8896484375,8251.400390625,1845050000
2019/07/24,8227.3603515625,8321.8095703125,8226.5,8321.5,1953670000
2019/07/25,8294.6796875,8295.9501953125,8233.400390625,8238.5400390625,2058090000
2019/07/26,8294.2998046875,8339.6396484375,8291.1201171875,8330.2099609375,1975110000
2019/07/29,8325.099609375,8325.2802734375,8247.3701171875,8293.330078125,1882980000
2019/07/30,8231.76953125,8295.4599609375,8228.01953125,8273.6103515625,1893610000
2019/07/31,8290.7998046875,8299.830078125,8110.02001953125,8175.419921875,2679230000
2019/08/01,8190.56005859375,8311.0400390625,8080.52001953125,8111.1201171875,2815420000
2019/08/02,8056.419921875,8068.7998046875,7953.669921875,8004.06982421875,2262550000
2019/08/05,7823.330078125,7836.4501953125,7662.89990234375,7726.0400390625,2661780000
2019/08/06,7804.509765625,7845.009765625,7739.56982421875,7833.27001953125,2217620000
2019/08/07,7747.27001953125,7881.3798828125,7702.419921875,7862.830078125,2470170000
2019/08/08,7921.58984375,8041.1201171875,7896.14990234375,8039.16015625,2442950000
2019/08/09,7997.18994140625,8020.56005859375,7910.35009765625,7959.14013671875,2221180000
2019/08/12,7907.490234375,7924.990234375,7833.7900390625,7863.41015625,2068920000
2019/08/13,7852.3701171875,8065.240234375,7851.580078125,8016.35986328125,2353570000
2019/08/14,7877.330078125,7900.27978515625,7762.8701171875,7773.93994140625,2543670000
2019/08/15,7790.2001953125,7805.93017578125,7716.5498046875,7766.6201171875,2190810000
2019/08/16,7828.35009765625,7907.52001953125,7828.35009765625,7895.990234375,2018710000
2019/08/19,8006.18017578125,8026.75,7895.990234375,8002.81005859375,1946440000
2019/08/20,7989.35986328125,8010.580078125,7948.08984375,7948.56005859375,1750730000
2019/08/21,8017.06982421875,8036.93994140625,7998.5,8020.2099609375,1721410000
2019/08/22,8038.7900390625,8048.580078125,7937.1201171875,7991.39013671875,1780760000
2019/08/23,7943.64990234375,8005.33984375,7730.77001953125,7751.77001953125,2214370000
2019/08/26,7829.580078125,7856.0400390625,7789.0498046875,7853.740234375,1691990000
2019/08/27,7908.77978515625,7916.830078125,7795.18017578125,7826.9501953125,1914930000
2019/08/28,7798.35009765625,7866.8701171875,7766.669921875,7856.8798828125,1663450000
2019/08/29,7945.77978515625,7992.2900390625,7925.830078125,7973.39013671875,1703760000
2019/08/30,8015.16015625,8017.91015625,7914.740234375,7962.8798828125,1668110000
2019/09/03,7906.43994140625,7940.3701171875,7847.31982421875,7874.16015625,1938780000
2019/09/04,7949.81005859375,7981.41015625,7928.93994140625,7976.8798828125,1893740000
2019/09/05,8061.2900390625,8134.419921875,8061.2900390625,8116.830078125,2108700000
2019/09/06,8125.580078125,8134.39013671875,8098.52001953125,8103.06982421875,1878730000
2019/09/09,8130.91015625,8131.66015625,8052.33984375,8087.43994140625,2186660000
2019/09/10,8049.97998046875,8086.52978515625,8001.68017578125,8084.16015625,2366080000
2019/09/11,8091.68017578125,8169.68017578125,8081.56005859375,8169.68017578125,2322610000
2019/09/12,8206.580078125,8243.7998046875,8176.72998046875,8194.4697265625,2228100000
2019/09/13,8190.56982421875,8210.2001953125,8165.47021484375,8176.7099609375,1984570000
2019/09/16,8121.64013671875,8165.330078125,8121.25,8153.5400390625,1876540000
2019/09/17,8148.64990234375,8188.22998046875,8139.81982421875,8186.02001953125,1857350000
2019/09/18,8174.6201171875,8179.8701171875,8086.22021484375,8177.39013671875,2045590000
2019/09/19,8193.58984375,8237.4296875,8174.31982421875,8182.8798828125,1818430000
2019/09/20,8184.8798828125,8202.8203125,8086.16015625,8117.669921875,3363230000
2019/09/23,8106.490234375,8135.81005859375,8085.33984375,8112.4599609375,1781750000
2019/09/24,8147.22998046875,8158.830078125,7969.64990234375,7993.6298828125,2310940000
2019/09/25,7990.66015625,8095.0,7935.56982421875,8077.3798828125,2022080000
2019/09/26,8070.1201171875,8072.10986328125,7991.02001953125,8030.66015625,1886310000
2019/09/27,8047.10986328125,8051.830078125,7890.27978515625,7939.6298828125,2041250000
2019/09/30,7964.08984375,8012.16015625,7949.6298828125,7999.33984375,1809050000
2019/10/01,8026.830078125,8062.5,7906.2900390625,7908.68017578125,2250500000
2019/10/02,7851.1298828125,7852.7001953125,7744.9599609375,7785.25,2503630000
2019/10/03,7787.02001953125,7872.259765625,7700.0,7872.259765625,2157220000
2019/10/04,7908.43994140625,7986.6201171875,7899.39013671875,7982.47021484375,1748000000
2019/10/07,7956.41015625,8013.31005859375,7942.080078125,7956.2900390625,1759580000
2019/10/08,7898.27001953125,7921.8798828125,7823.72998046875,7823.77978515625,1943700000
2019/10/09,7895.9599609375,7930.919921875,7873.52001953125,7903.740234375,1563500000
2019/10/10,7904.56005859375,7982.83984375,7899.81005859375,7950.77978515625,1793470000
2019/10/11,8047.33984375,8115.7998046875,8046.7998046875,8057.0400390625,2184790000
2019/10/14,8044.35009765625,8069.85009765625,8036.41015625,8048.64990234375,1423700000
2019/10/15,8074.85009765625,8166.18017578125,8071.81005859375,8148.7099609375,1841660000
2019/10/16,8119.81005859375,8146.14990234375,8103.3798828125,8124.18017578125,1900010000
2019/10/17,8176.91015625,8183.64013671875,8131.25,8156.85009765625,1864020000
2019/10/18,8149.85009765625,8157.35986328125,8045.3701171875,8089.5400390625,2020020000
2019/10/21,8137.419921875,8164.14013671875,8117.259765625,8162.990234375,1756640000
2019/10/22,8188.1201171875,8194.6201171875,8101.97998046875,8104.2998046875,1850870000
2019/10/23,8090.240234375,8122.8798828125,8078.35009765625,8119.7900390625,1822180000
2019/10/24,8180.0400390625,8187.83984375,8137.66015625,8185.7998046875,1893620000
2019/10/25,8150.58984375,8249.9697265625,8150.58984375,8243.1201171875,1911580000
2019/10/28,8285.76953125,8335.5595703125,8285.26953125,8325.990234375,1959920000
2019/10/29,8313.349609375,8319.2900390625,8275.1396484375,8276.849609375,1842720000
2019/10/30,8284.2802734375,8315.5,8241.7001953125,8303.98046875,1936060000
2019/10/31,8314.3798828125,8321.7998046875,8248.8095703125,8292.3603515625,2276140000
2019/11/01,8335.0498046875,8386.75,8326.5595703125,8386.400390625,2071350000
2019/11/04,8445.5,8451.3701171875,8421.2998046875,8433.2001953125,2166830000
2019/11/05,8446.6201171875,8457.3896484375,8421.0498046875,8434.6796875,2327420000
2019/11/06,8426.5703125,8426.5703125,8379.330078125,8410.6298828125,2342570000
2019/11/07,8455.1103515625,8483.16015625,8415.8701171875,8434.51953125,2403680000
2019/11/08,8422.669921875,8475.5703125,8405.8896484375,8475.3095703125,1982140000
2019/11/11,8431.259765625,8467.2900390625,8425.48046875,8464.2802734375,1719300000
2019/11/12,8471.0703125,8514.83984375,8462.990234375,8486.08984375,2001440000
2019/11/13,8455.01953125,8496.900390625,8451.33984375,8482.099609375,2180010000
2019/11/14,8461.0595703125,8485.3603515625,8441.580078125,8479.01953125,2113840000
2019/11/15,8524.48046875,8540.830078125,8506.7998046875,8540.830078125,2199480000
2019/11/18,8529.16015625,8559.7802734375,8503.6201171875,8549.9404296875,2053260000
2019/11/19,8578.01953125,8589.759765625,8536.73046875,8570.66015625,2094030000
2019/11/20,8543.5703125,8578.26953125,8468.6298828125,8526.73046875,2608780000
2019/11/21,8527.8701171875,8530.73046875,8487.2900390625,8506.2099609375,2073720000
2019/11/22,8530.5400390625,8535.4599609375,8477.490234375,8519.8798828125,1885730000
2019/11/25,8559.650390625,8633.150390625,8559.650390625,8632.490234375,2262750000
2019/11/26,8635.400390625,8659.73046875,8625.6201171875,8647.9296875,2439370000
2019/11/27,8669.58984375,8705.91015625,8662.580078125,8705.1796875,1748520000
2019/11/29,8682.009765625,8697.3203125,8664.0400390625,8665.4697265625,1099090000
2019/12/02,8672.83984375,8672.83984375,8540.16015625,8567.990234375,2240300000
2019/12/03,8460.7197265625,8523.98046875,8435.400390625,8520.6396484375,2318760000
2019/12/04,8557.4501953125,8584.8798828125,8552.3798828125,8566.669921875,2158870000
2019/12/05,8587.9296875,8588.8896484375,8541.919921875,8570.7001953125,2133380000
2019/12/06,8634.25,8665.4404296875,8630.580078125,8656.5302734375,2057020000
2019/12/09,8650.8603515625,8678.849609375,8619.76953125,8621.830078125,2123870000
2019/12/10,8623.5595703125,8650.759765625,8600.8203125,8616.1796875,2058760000
2019/12/11,8631.1201171875,8658.48046875,8622.3603515625,8654.0498046875,1982080000
2019/12/12,8645.3603515625,8745.8203125,8633.599609375,8717.3203125,2396400000
2019/12/13,8713.91015625,8768.8701171875,8697.580078125,8734.8798828125,2219630000
2019/12/16,8791.3095703125,8833.4501953125,8789.76953125,8814.23046875,2368050000
2019/12/17,8829.4697265625,8831.990234375,8804.599609375,8823.3603515625,2382450000
2019/12/18,8834.650390625,8848.759765625,8820.419921875,8827.740234375,2742330000
2019/12/19,8838.9697265625,8888.1298828125,8838.9697265625,8887.2197265625,2446890000
2019/12/20,8911.83984375,8931.91015625,8901.8701171875,8924.9599609375,3830200000
2019/12/23,8950.2001953125,8956.6396484375,8934.5498046875,8945.650390625,2028670000
2019/12/24,8955.009765625,8957.1201171875,8934.3603515625,8952.8798828125,1014530000
2019/12/26,8970.2099609375,9022.4599609375,8968.4599609375,9022.3896484375,1639960000
2019/12/27,9049.4697265625,9052.0,8987.3203125,9006.6201171875,1833740000
2019/12/30,9004.4501953125,9006.3603515625,8909.1904296875,8945.990234375,2051320000
2019/12/31,8918.740234375,8975.3603515625,8912.76953125,8972.599609375,2186830000
2020/01/02,9039.4599609375,9093.4296875,9010.8896484375,9092.1904296875,2862700000
2020/01/03,8976.4296875,9065.759765625,8976.4296875,9020.76953125,2586520000
2020/01/06,8943.5,9072.41015625,8943.5,9071.4697265625,2810450000
2020/01/07,9076.6396484375,9091.9296875,9042.5498046875,9068.580078125,2381740000
2020/01/08,9068.0302734375,9168.8896484375,9059.3798828125,9129.240234375,2472620000
2020/01/09,9202.26953125,9215.9501953125,9158.5,9203.4296875,2540960000
2020/01/10,9232.9501953125,9235.2001953125,9164.66015625,9178.8603515625,2382900000
2020/01/13,9213.7197265625,9274.490234375,9193.0595703125,9273.9296875,2536820000
2020/01/14,9270.6103515625,9298.330078125,9226.490234375,9251.330078125,2553160000
2020/01/15,9253.759765625,9298.8203125,9231.1396484375,9258.7001953125,2443220000
2020/01/16,9313.4501953125,9357.919921875,9301.3203125,9357.1298828125,2312110000
2020/01/17,9392.3701171875,9393.48046875,9346.8095703125,9388.9404296875,2542540000
2020/01/21,9361.0703125,9397.580078125,9350.2001953125,9370.8095703125,2686610000
2020/01/22,9413.6103515625,9439.2900390625,9375.1298828125,9383.76953125,2454580000
2020/01/23,9377.7197265625,9409.2001953125,9334.1298828125,9402.48046875,2465850000
2020/01/24,9446.2099609375,9451.4296875,9273.23046875,9314.91015625,2622970000
2020/01/27,9092.4599609375,9185.4501953125,9088.0400390625,9139.3095703125,2593910000
2020/01/28,9201.8203125,9288.8701171875,9182.330078125,9269.6796875,2169020000
2020/01/29,9318.259765625,9329.1201171875,9249.0400390625,9275.16015625,2234620000
2020/01/30,9211.150390625,9303.0,9185.1796875,9298.9296875,2345370000
2020/01/31,9324.330078125,9324.7998046875,9123.2197265625,9150.9404296875,2696090000
2020/02/03,9190.7197265625,9299.849609375,9188.5498046875,9273.400390625,2427320000
2020/02/04,9398.3896484375,9485.3798828125,9374.0498046875,9467.9697265625,2447340000
2020/02/05,9574.099609375,9574.9404296875,9454.9296875,9508.6796875,2470240000
2020/02/06,9540.98046875,9575.66015625,9505.6796875,9572.150390625,2313860000
2020/02/07,9526.6396484375,9570.08984375,9496.5302734375,9520.509765625,2243720000
2020/02/10,9493.6298828125,9628.66015625,9493.6298828125,9628.3896484375,2187520000
2020/02/11,9680.8896484375,9714.740234375,9617.2099609375,9638.9404296875,2450070000
2020/02/12,9688.599609375,9728.76953125,9666.6904296875,9725.9599609375,2366510000
2020/02/13,9657.0400390625,9748.3203125,9650.01953125,9711.9697265625,2254870000
2020/02/14,9728.900390625,9746.3603515625,9693.0498046875,9731.1796875,2226720000
2020/02/18,9679.0400390625,9747.6796875,9675.7998046875,9732.740234375,2279420000
2020/02/19,9782.8095703125,9838.3701171875,9777.099609375,9817.1796875,2470860000
2020/02/20,9799.2001953125,9820.8603515625,9636.9404296875,9750.9697265625,2745730000
2020/02/21,9708.009765625,9715.9501953125,9542.330078125,9576.58984375,2750160000
2020/02/24,9188.4404296875,9322.8798828125,9166.009765625,9221.2802734375,3188590000
2020/02/25,9301.2001953125,9315.259765625,8940.490234375,8965.6103515625,3595520000
2020/02/26,9011.5498046875,9148.3203125,8927.7998046875,8980.7802734375,3587950000
2020/02/27,8744.0302734375,8904.1103515625,8562.0498046875,8566.48046875,4559900000
2020/02/28,8269.740234375,8591.8203125,8264.16015625,8567.3701171875,5320020000
2020/03/02,8667.1396484375,8952.8095703125,8543.349609375,8952.169921875,4249020000
2020/03/03,8965.099609375,9070.3203125,8602.8896484375,8684.08984375,4336700000
2020/03/04,8834.099609375,9019.9599609375,8757.66015625,9018.08984375,3634760000
2020/03/05,8790.08984375,8921.080078125,8677.3896484375,8738.58984375,3763860000
2020/03/06,8469.01953125,8612.3603515625,8375.1298828125,8575.6201171875,4292730000
2020/03/09,7957.93017578125,8243.3095703125,7943.16015625,7950.68017578125,4554110000
2020/03/10,8219.759765625,8347.400390625,7930.43017578125,8344.25,4447260000
2020/03/11,8136.25,8181.35986328125,7850.9501953125,7952.0498046875,4302610000
2020/03/12,7398.580078125,7712.330078125,7194.669921875,7201.7998046875,5099350000
2020/03/13,7610.39013671875,7875.93017578125,7219.08984375,7874.8798828125,4701070000
2020/03/16,7392.72998046875,7422.2001953125,6882.85986328125,6904.58984375,4618120000
2020/03/17,7072.0,7406.22998046875,6828.91015625,7334.77978515625,4920210000
2020/03/18,6902.31982421875,7182.830078125,6686.35986328125,6989.83984375,4935000000
2020/03/19,6996.4501953125,7341.3798828125,6858.3798828125,7150.580078125,4778490000
2020/03/20,7248.06982421875,7354.43994140625,6854.669921875,6879.52001953125,5260300000
2020/03/23,6847.27978515625,6984.93994140625,6631.419921875,6860.669921875,4348410000
2020/03/24,7196.14990234375,7418.3701171875,7169.85986328125,7417.85986328125,4441080000
2020/03/25,7421.35986328125,7671.2099609375,7276.39990234375,7384.2998046875,4683630000
2020/03/26,7462.2099609375,7809.830078125,7462.2099609375,7797.5400390625,4014670000
2020/03/27,7554.25,7716.240234375,7491.14013671875,7502.3798828125,3989120000
2020/03/30,7583.4599609375,7784.35009765625,7539.97021484375,7774.14990234375,3870770000
2020/03/31,7740.06005859375,7880.31005859375,7642.85986328125,7700.10009765625,4078960000
2020/04/01,7459.5,7566.3701171875,7301.97998046875,7360.580078125,3700040000
2020/04/02,7317.4501953125,7501.7001953125,7307.9501953125,7487.31005859375,3622170000
2020/04/03,7477.27001953125,7518.72021484375,7288.10986328125,7373.080078125,3294260000
2020/04/06,7660.169921875,7938.330078125,7617.7900390625,7913.240234375,3849130000
2020/04/07,8129.990234375,8146.43017578125,7881.22021484375,7887.259765625,4085960000
2020/04/08,7975.72021484375,8114.43017578125,7901.93994140625,8090.89990234375,3487440000
2020/04/09,8169.009765625,8227.91015625,8072.31982421875,8153.580078125,4145460000
2020/04/13,8127.68994140625,8200.4404296875,8035.9501953125,8192.419921875,3184660000
2020/04/14,8353.2099609375,8531.1103515625,8338.080078125,8515.740234375,3767410000
2020/04/15,8355.9599609375,8464.66015625,8308.7900390625,8393.1796875,3347920000
2020/04/16,8479.1103515625,8560.16015625,8393.26953125,8532.3603515625,4057800000
2020/04/17,8667.48046875,8670.2998046875,8531.6904296875,8650.1396484375,4348310000
2020/04/20,8553.3798828125,8684.91015625,8553.3798828125,8560.73046875,3827370000
2020/04/21,8460.6904296875,8480.2900390625,8215.6904296875,8263.23046875,3788180000
2020/04/22,8434.5498046875,8537.3095703125,8404.5400390625,8495.3798828125,3041520000
2020/04/23,8528.83984375,8635.23046875,8475.2001953125,8494.75,3759890000
2020/04/24,8530.080078125,8642.9296875,8464.419921875,8634.51953125,3696020000
2020/04/27,8717.98046875,8754.5703125,8697.3701171875,8730.16015625,3694980000
2020/04/28,8825.6904296875,8830.5703125,8600.7001953125,8607.73046875,3730350000
2020/04/29,8802.7001953125,8957.26953125,8765.009765625,8914.7099609375,4407140000
2020/04/30,8911.01953125,8926.1103515625,8825.830078125,8889.5498046875,4335660000
2020/05/01,8681.2900390625,8754.4599609375,8566.83984375,8604.9501953125,3741300000
2020/05/04,8555.3203125,8715.8203125,8537.830078125,8710.7099609375,3443140000
2020/05/05,8809.66015625,8909.9599609375,8781.3095703125,8809.1201171875,3933550000
2020/05/06,8874.7001953125,8933.25,8819.3701171875,8854.3896484375,3656750000
2020/05/07,8973.7802734375,9015.990234375,8932.8603515625,8979.66015625,3787220000
2020/05/08,9056.8896484375,9125.98046875,9018.2099609375,9121.3203125,3813630000
2020/05/11,9054.91015625,9241.919921875,9053.169921875,9192.33984375,3925450000
2020/05/12,9225.150390625,9250.9599609375,9000.0703125,9002.5498046875,4336510000
2020/05/13,9006.0498046875,9074.16015625,8752.6796875,8863.169921875,4273210000
2020/05/14,8788.0400390625,8945.7099609375,8705.25,8943.7197265625,3965970000
2020/05/15,8839.990234375,9018.400390625,8821.3798828125,9014.5595703125,4240690000
2020/05/18,9177.150390625,9267.2197265625,9154.349609375,9234.830078125,4341820000
2020/05/19,9227.4599609375,9317.25,9183.25,9185.099609375,4193550000
2020/05/20,9305.6201171875,9392.8203125,9304.2001953125,9375.7802734375,4315500000
2020/05/21,9375.1904296875,9405.25,9254.849609375,9284.8798828125,3745270000
2020/05/22,9278.5498046875,9328.2802734375,9239.41015625,9324.58984375,3668070000
2020/05/26,9501.2099609375,9501.2099609375,9333.16015625,9340.2197265625,4448950000
2020/05/27,9346.1201171875,9414.6201171875,9144.2802734375,9412.3603515625,4489110000
2020/05/28,9392.990234375,9523.6396484375,9345.2802734375,9368.990234375,4113660000
2020/05/29,9382.349609375,9505.5498046875,9324.73046875,9489.8701171875,4742290000
2020/06/01,9471.419921875,9571.2802734375,9462.3203125,9552.0498046875,3847770000
2020/06/02,9566.5302734375,9611.2197265625,9472.080078125,9608.3798828125,3990080000
2020/06/03,9651.8603515625,9707.7802734375,9627.169921875,9682.91015625,4679030000
2020/06/04,9649.650390625,9716.1396484375,9560.41015625,9615.8095703125,6141320000
2020/06/05,9703.5400390625,9845.6904296875,9685.349609375,9814.080078125,6607730000
2020/06/08,9823.4404296875,9927.1298828125,9780.6103515625,9924.75,6197330000
2020/06/09,9867.1904296875,10002.5,9863.26953125,9953.75,5319450000
2020/06/10,10012.3203125,10086.8896484375,9962.580078125,10020.349609375,5170860000
2020/06/11,9791.240234375,9868.080078125,9491.3095703125,9492.73046875,5300850000
2020/06/12,9715.8701171875,9768.6396484375,9413.6201171875,9588.8095703125,4388990000
2020/06/15,9426.900390625,9756.0703125,9403.0,9726.01953125,4476010000
2020/06/16,9949.7802734375,9963.6298828125,9748.3798828125,9895.8701171875,4669320000
2020/06/17,9943.3095703125,9991.2099609375,9891.8095703125,9910.5302734375,4279700000
2020/06/18,9892.48046875,9959.2001953125,9885.66015625,9943.0498046875,4335320000
2020/06/19,10042.1298828125,10053.91015625,9872.9404296875,9946.1201171875,6093830000
2020/06/22,9945.490234375,10059.6103515625,9916.599609375,10056.48046875,4506960000
2020/06/23,10130.830078125,10221.849609375,10112.4404296875,10131.3701171875,5755170000
2020/06/24,10092.919921875,10137.5,9842.2197265625,9909.169921875,5589130000
2020/06/25,9899.3603515625,10023.2802734375,9810.4697265625,10017.0,4779640000
2020/06/26,9995.1201171875,10000.669921875,9749.0703125,9757.2197265625,7309380000
2020/06/29,9771.7197265625,9877.33984375,9663.6103515625,9874.150390625,4336290000
2020/06/30,9875.2900390625,10085.58984375,9863.669921875,10058.76953125,4510190000
2020/07/01,10063.669921875,10197.1904296875,10048.0400390625,10154.6298828125,4624430000
2020/07/02,10268.669921875,10310.3603515625,10194.0595703125,10207.6298828125,4038920000
2020/07/06,10360.3798828125,10462.0498046875,10354.98046875,10433.650390625,4570260000
2020/07/07,10412.4599609375,10518.98046875,10337.98046875,10343.8896484375,4337130000
2020/07/08,10409.349609375,10494.6298828125,10350.9599609375,10492.5,4030210000
2020/07/09,10563.7197265625,10578.099609375,10379.91015625,10547.75,4013180000
2020/07/10,10545.91015625,10622.349609375,10447.009765625,10617.4404296875,3537510000
2020/07/13,10729.919921875,10824.7802734375,10368.0400390625,10390.83984375,4851880000
2020/07/14,10310.25,10497.830078125,10182.4599609375,10488.580078125,4461770000
2020/07/15,10576.7197265625,10604.669921875,10420.5400390625,10550.490234375,4647070000
2020/07/16,10443.8701171875,10499.7900390625,10364.3896484375,10473.830078125,4277760000
2020/07/17,10500.51953125,10532.6201171875,10421.2099609375,10503.1904296875,4361480000
